PassengerId,Pclass,Age,estAge,SibSp,Parch,Fare,Sex_female,Sex_male,Embarked_C,Embarked_Q,Embarked_S
1,3,22.0,0,1,0,7.25,0,1,0,0,1
2,1,38.0,0,1,0,71.2833,1,0,1,0,0
3,3,26.0,0,0,0,7.925,1,0,0,0,1
4,1,35.0,0,1,0,53.1,1,0,0,0,1
5,3,35.0,0,0,0,8.05,0,1,0,0,1
6,3,28.0,0,0,0,8.4583,0,1,0,1,0
7,1,54.0,0,0,0,51.8625,0,1,0,0,1
8,3,2.0,0,3,1,21.075,0,1,0,0,1
9,3,27.0,0,0,2,11.1333,1,0,0,0,1
10,2,14.0,0,1,0,30.0708,1,0,1,0,0
11,3,4.0,0,1,1,16.7,1,0,0,0,1
12,1,58.0,0,0,0,26.55,1,0,0,0,1
13,3,20.0,0,0,0,8.05,0,1,0,0,1
14,3,39.0,0,1,5,31.275,0,1,0,0,1
15,3,14.0,0,0,0,7.8542,1,0,0,0,1
16,2,55.0,0,0,0,16.0,1,0,0,0,1
17,3,2.0,0,4,1,29.125,0,1,0,1,0
18,2,28.0,0,0,0,13.0,0,1,0,0,1
19,3,31.0,0,1,0,18.0,1,0,0,0,1
20,3,28.0,0,0,0,7.225,1,0,1,0,0
21,2,35.0,0,0,0,26.0,0,1,0,0,1
22,2,34.0,0,0,0,13.0,0,1,0,0,1
23,3,15.0,0,0,0,8.0292,1,0,0,1,0
24,1,28.0,0,0,0,35.5,0,1,0,0,1
25,3,8.0,0,3,1,21.075,1,0,0,0,1
26,3,38.0,0,1,5,31.3875,1,0,0,0,1
27,3,28.0,0,0,0,7.225,0,1,1,0,0
28,1,19.0,0,3,2,263.0,0,1,0,0,1
29,3,28.0,0,0,0,7.8792,1,0,0,1,0
30,3,28.0,0,0,0,7.8958,0,1,0,0,1
31,1,40.0,0,0,0,27.7208,0,1,1,0,0
32,1,28.0,0,1,0,146.5208,1,0,1,0,0
33,3,28.0,0,0,0,7.75,1,0,0,1,0
34,2,66.0,0,0,0,10.5,0,1,0,0,1
35,1,28.0,0,1,0,82.1708,0,1,1,0,0
36,1,42.0,0,1,0,52.0,0,1,0,0,1
37,3,28.0,0,0,0,7.2292,0,1,1,0,0
38,3,21.0,0,0,0,8.05,0,1,0,0,1
39,3,18.0,0,2,0,18.0,1,0,0,0,1
40,3,14.0,0,1,0,11.2417,1,0,1,0,0
41,3,40.0,0,1,0,9.475,1,0,0,0,1
42,2,27.0,0,1,0,21.0,1,0,0,0,1
43,3,28.0,0,0,0,7.8958,0,1,1,0,0
44,2,3.0,0,1,2,41.5792,1,0,1,0,0
45,3,19.0,0,0,0,7.8792,1,0,0,1,0
46,3,28.0,0,0,0,8.05,0,1,0,0,1
47,3,28.0,0,1,0,15.5,0,1,0,1,0
48,3,28.0,0,0,0,7.75,1,0,0,1,0
49,3,28.0,0,2,0,21.6792,0,1,1,0,0
50,3,18.0,0,1,0,17.8,1,0,0,0,1
51,3,7.0,0,4,1,39.6875,0,1,0,0,1
52,3,21.0,0,0,0,7.8,0,1,0,0,1
53,1,49.0,0,1,0,76.7292,1,0,1,0,0
54,2,29.0,0,1,0,26.0,1,0,0,0,1
55,1,65.0,0,0,1,61.9792,0,1,1,0,0
56,1,28.0,0,0,0,35.5,0,1,0,0,1
57,2,21.0,0,0,0,10.5,1,0,0,0,1
58,3,28.0,1,0,0,7.2292,0,1,1,0,0
59,2,5.0,0,1,2,27.75,1,0,0,0,1
60,3,11.0,0,5,2,46.9,0,1,0,0,1
61,3,22.0,0,0,0,7.2292,0,1,1,0,0
62,1,38.0,0,0,0,80.0,1,0,0,0,1
63,1,45.0,0,1,0,83.475,0,1,0,0,1
64,3,4.0,0,3,2,27.9,0,1,0,0,1
65,1,28.0,0,0,0,27.7208,0,1,1,0,0
66,3,28.0,0,1,1,15.2458,0,1,1,0,0
67,2,29.0,0,0,0,10.5,1,0,0,0,1
68,3,19.0,0,0,0,8.1583,0,1,0,0,1
69,3,17.0,0,4,2,7.925,1,0,0,0,1
70,3,26.0,0,2,0,8.6625,0,1,0,0,1
71,2,32.0,0,0,0,10.5,0,1,0,0,1
72,3,16.0,0,5,2,46.9,1,0,0,0,1
73,2,21.0,0,0,0,73.5,0,1,0,0,1
74,3,26.0,0,1,0,14.4542,0,1,1,0,0
75,3,32.0,0,0,0,56.4958,0,1,0,0,1
76,3,25.0,0,0,0,7.65,0,1,0,0,1
77,3,28.0,0,0,0,7.8958,0,1,0,0,1
78,3,28.0,0,0,0,8.05,0,1,0,0,1
79,2,0.83,0,0,2,29.0,0,1,0,0,1
80,3,30.0,0,0,0,12.475,1,0,0,0,1
81,3,22.0,0,0,0,9.0,0,1,0,0,1
82,3,29.0,0,0,0,9.5,0,1,0,0,1
83,3,28.0,0,0,0,7.7875,1,0,0,1,0
84,1,28.0,0,0,0,47.1,0,1,0,0,1
85,2,17.0,0,0,0,10.5,1,0,0,0,1
86,3,33.0,0,3,0,15.85,1,0,0,0,1
87,3,16.0,0,1,3,34.375,0,1,0,0,1
88,3,28.0,0,0,0,8.05,0,1,0,0,1
89,1,23.0,0,3,2,263.0,1,0,0,0,1
90,3,24.0,0,0,0,8.05,0,1,0,0,1
91,3,29.0,0,0,0,8.05,0,1,0,0,1
92,3,20.0,0,0,0,7.8542,0,1,0,0,1
93,1,46.0,0,1,0,61.175,0,1,0,0,1
94,3,26.0,0,1,2,20.575,0,1,0,0,1
95,3,59.0,0,0,0,7.25,0,1,0,0,1
96,3,28.0,0,0,0,8.05,0,1,0,0,1
97,1,71.0,0,0,0,34.6542,0,1,1,0,0
98,1,23.0,0,0,1,63.3583,0,1,1,0,0
99,2,34.0,0,0,1,23.0,1,0,0,0,1
100,2,34.0,0,1,0,26.0,0,1,0,0,1
101,3,28.0,0,0,0,7.8958,1,0,0,0,1
102,3,28.0,0,0,0,7.8958,0,1,0,0,1
103,1,21.0,0,0,1,77.2875,0,1,0,0,1
104,3,33.0,0,0,0,8.6542,0,1,0,0,1
105,3,37.0,0,2,0,7.925,0,1,0,0,1
106,3,28.0,0,0,0,7.8958,0,1,0,0,1
107,3,21.0,0,0,0,7.65,1,0,0,0,1
108,3,28.0,0,0,0,7.775,0,1,0,0,1
109,3,38.0,0,0,0,7.8958,0,1,0,0,1
110,3,28.0,0,1,0,24.15,1,0,0,1,0
111,1,47.0,0,0,0,52.0,0,1,0,0,1
112,3,14.0,1,1,0,14.4542,1,0,1,0,0
113,3,22.0,0,0,0,8.05,0,1,0,0,1
114,3,20.0,0,1,0,9.825,1,0,0,0,1
115,3,17.0,0,0,0,14.4583,1,0,1,0,0
116,3,21.0,0,0,0,7.925,0,1,0,0,1
117,3,70.0,1,0,0,7.75,0,1,0,1,0
118,2,29.0,0,1,0,21.0,0,1,0,0,1
119,1,24.0,0,0,1,247.5208,0,1,1,0,0
120,3,2.0,0,4,2,31.275,1,0,0,0,1
121,2,21.0,0,2,0,73.5,0,1,0,0,1
122,3,28.0,0,0,0,8.05,0,1,0,0,1
123,2,32.0,1,1,0,30.0708,0,1,1,0,0
124,2,32.0,1,0,0,13.0,1,0,0,0,1
125,1,54.0,0,0,1,77.2875,0,1,0,0,1
126,3,12.0,0,1,0,11.2417,0,1,1,0,0
127,3,28.0,0,0,0,7.75,0,1,0,1,0
128,3,24.0,0,0,0,7.1417,0,1,0,0,1
129,3,28.0,0,1,1,22.3583,1,0,1,0,0
130,3,45.0,0,0,0,6.975,0,1,0,0,1
131,3,33.0,0,0,0,7.8958,0,1,1,0,0
132,3,20.0,0,0,0,7.05,0,1,0,0,1
133,3,47.0,0,1,0,14.5,1,0,0,0,1
134,2,29.0,0,1,0,26.0,1,0,0,0,1
135,2,25.0,0,0,0,13.0,0,1,0,0,1
136,2,23.0,0,0,0,15.0458,0,1,1,0,0
137,1,19.0,0,0,2,26.2833,1,0,0,0,1
138,1,37.0,0,1,0,53.1,0,1,0,0,1
139,3,16.0,0,0,0,9.2167,0,1,0,0,1
140,1,24.0,0,0,0,79.2,0,1,1,0,0
141,3,28.0,0,0,2,15.2458,1,0,1,0,0
142,3,22.0,0,0,0,7.75,1,0,0,0,1
143,3,24.0,0,1,0,15.85,1,0,0,0,1
144,3,19.0,0,0,0,6.75,0,1,0,1,0
145,2,18.0,0,0,0,11.5,0,1,0,0,1
146,2,19.0,0,1,1,36.75,0,1,0,0,1
147,3,27.0,0,0,0,7.7958,0,1,0,0,1
148,3,9.0,0,2,2,34.375,1,0,0,0,1
149,2,36.0,1,0,2,26.0,0,1,0,0,1
150,2,42.0,0,0,0,13.0,0,1,0,0,1
151,2,51.0,0,0,0,12.525,0,1,0,0,1
152,1,22.0,0,1,0,66.6,1,0,0,0,1
153,3,55.0,1,0,0,8.05,0,1,0,0,1
154,3,40.0,1,0,2,14.5,0,1,0,0,1
155,3,28.0,0,0,0,7.3125,0,1,0,0,1
156,1,51.0,0,0,1,61.3792,0,1,1,0,0
157,3,16.0,0,0,0,7.7333,1,0,0,1,0
158,3,30.0,0,0,0,8.05,0,1,0,0,1
159,3,28.0,0,0,0,8.6625,0,1,0,0,1
160,3,28.0,0,8,2,69.55,0,1,0,0,1
161,3,44.0,0,0,1,16.1,0,1,0,0,1
162,2,40.0,0,0,0,15.75,1,0,0,0,1
163,3,26.0,0,0,0,7.775,0,1,0,0,1
164,3,17.0,0,0,0,8.6625,0,1,0,0,1
165,3,1.0,0,4,1,39.6875,0,1,0,0,1
166,3,9.0,0,0,2,20.525,0,1,0,0,1
167,1,28.0,0,0,1,55.0,1,0,0,0,1
168,3,45.0,0,1,4,27.9,1,0,0,0,1
169,1,28.0,0,0,0,25.925,0,1,0,0,1
170,3,28.0,0,0,0,56.4958,0,1,0,0,1
171,1,61.0,0,0,0,33.5,0,1,0,0,1
172,3,4.0,0,4,1,29.125,0,1,0,1,0
173,3,1.0,0,1,1,11.1333,1,0,0,0,1
174,3,21.0,0,0,0,7.925,0,1,0,0,1
175,1,56.0,0,0,0,30.6958,0,1,1,0,0
176,3,18.0,0,1,1,7.8542,0,1,0,0,1
177,3,28.0,0,3,1,25.4667,0,1,0,0,1
178,1,50.0,0,0,0,28.7125,1,0,1,0,0
179,2,30.0,0,0,0,13.0,0,1,0,0,1
180,3,36.0,0,0,0,0.0,0,1,0,0,1
181,3,28.0,0,8,2,69.55,1,0,0,0,1
182,2,28.0,0,0,0,15.05,0,1,1,0,0
183,3,9.0,0,4,2,31.3875,0,1,0,0,1
184,2,1.0,0,2,1,39.0,0,1,0,0,1
185,3,4.0,0,0,2,22.025,1,0,0,0,1
186,1,28.0,0,0,0,50.0,0,1,0,0,1
187,3,28.0,0,1,0,15.5,1,0,0,1,0
188,1,45.0,0,0,0,26.55,0,1,0,0,1
189,3,40.0,0,1,1,15.5,0,1,0,1,0
190,3,36.0,0,0,0,7.8958,0,1,0,0,1
191,2,32.0,0,0,0,13.0,1,0,0,0,1
192,2,19.0,0,0,0,13.0,0,1,0,0,1
193,3,19.0,0,1,0,7.8542,1,0,0,0,1
194,2,3.0,0,1,1,26.0,0,1,0,0,1
195,1,44.0,0,0,0,27.7208,1,0,1,0,0
196,1,58.0,0,0,0,146.5208,1,0,1,0,0
197,3,28.0,0,0,0,7.75,0,1,0,1,0
198,3,42.0,0,0,1,8.4042,0,1,0,0,1
199,3,28.0,0,0,0,7.75,1,0,0,1,0
200,2,24.0,0,0,0,13.0,1,0,0,0,1
201,3,28.0,0,0,0,9.5,0,1,0,0,1
202,3,28.0,0,8,2,69.55,0,1,0,0,1
203,3,34.0,0,0,0,6.4958,0,1,0,0,1
204,3,45.0,1,0,0,7.225,0,1,1,0,0
205,3,18.0,0,0,0,8.05,0,1,0,0,1
206,3,2.0,0,0,1,10.4625,1,0,0,0,1
207,3,32.0,0,1,0,15.85,0,1,0,0,1
208,3,26.0,0,0,0,18.7875,0,1,1,0,0
209,3,16.0,0,0,0,7.75,1,0,0,1,0
210,1,40.0,0,0,0,31.0,0,1,1,0,0
211,3,24.0,0,0,0,7.05,0,1,0,0,1
212,2,35.0,0,0,0,21.0,1,0,0,0,1
213,3,22.0,0,0,0,7.25,0,1,0,0,1
214,2,30.0,0,0,0,13.0,0,1,0,0,1
215,3,28.0,0,1,0,7.75,0,1,0,1,0
216,1,31.0,0,1,0,113.275,1,0,1,0,0
217,3,27.0,0,0,0,7.925,1,0,0,0,1
218,2,42.0,0,1,0,27.0,0,1,0,0,1
219,1,32.0,0,0,0,76.2917,1,0,1,0,0
220,2,30.0,0,0,0,10.5,0,1,0,0,1
221,3,16.0,0,0,0,8.05,0,1,0,0,1
222,2,27.0,0,0,0,13.0,0,1,0,0,1
223,3,51.0,0,0,0,8.05,0,1,0,0,1
224,3,28.0,0,0,0,7.8958,0,1,0,0,1
225,1,38.0,0,1,0,90.0,0,1,0,0,1
226,3,22.0,0,0,0,9.35,0,1,0,0,1
227,2,19.0,0,0,0,10.5,0,1,0,0,1
228,3,20.0,1,0,0,7.25,0,1,0,0,1
229,2,18.0,0,0,0,13.0,0,1,0,0,1
230,3,28.0,0,3,1,25.4667,1,0,0,0,1
231,1,35.0,0,1,0,83.475,1,0,0,0,1
232,3,29.0,0,0,0,7.775,0,1,0,0,1
233,2,59.0,0,0,0,13.5,0,1,0,0,1
234,3,5.0,0,4,2,31.3875,1,0,0,0,1
235,2,24.0,0,0,0,10.5,0,1,0,0,1
236,3,28.0,0,0,0,7.55,1,0,0,0,1
237,2,44.0,0,1,0,26.0,0,1,0,0,1
238,2,8.0,0,0,2,26.25,1,0,0,0,1
239,2,19.0,0,0,0,10.5,0,1,0,0,1
240,2,33.0,0,0,0,12.275,0,1,0,0,1
241,3,28.0,0,1,0,14.4542,1,0,1,0,0
242,3,28.0,0,1,0,15.5,1,0,0,1,0
243,2,29.0,0,0,0,10.5,0,1,0,0,1
244,3,22.0,0,0,0,7.125,0,1,0,0,1
245,3,30.0,0,0,0,7.225,0,1,1,0,0
246,1,44.0,0,2,0,90.0,0,1,0,1,0
247,3,25.0,0,0,0,7.775,1,0,0,0,1
248,2,24.0,0,0,2,14.5,1,0,0,0,1
249,1,37.0,0,1,1,52.5542,0,1,0,0,1
250,2,54.0,0,1,0,26.0,0,1,0,0,1
251,3,28.0,0,0,0,7.25,0,1,0,0,1
252,3,29.0,0,1,1,10.4625,1,0,0,0,1
253,1,62.0,0,0,0,26.55,0,1,0,0,1
254,3,30.0,0,1,0,16.1,0,1,0,0,1
255,3,41.0,0,0,2,20.2125,1,0,0,0,1
256,3,29.0,0,0,2,15.2458,1,0,1,0,0
257,1,28.0,0,0,0,79.2,1,0,1,0,0
258,1,30.0,0,0,0,86.5,1,0,0,0,1
259,1,35.0,0,0,0,512.3292,1,0,1,0,0
260,2,50.0,0,0,1,26.0,1,0,0,0,1
261,3,28.0,0,0,0,7.75,0,1,0,1,0
262,3,3.0,0,4,2,31.3875,0,1,0,0,1
263,1,52.0,0,1,1,79.65,0,1,0,0,1
264,1,40.0,0,0,0,0.0,0,1,0,0,1
265,3,28.0,0,0,0,7.75,1,0,0,1,0
266,2,36.0,0,0,0,10.5,0,1,0,0,1
267,3,16.0,0,4,1,39.6875,0,1,0,0,1
268,3,25.0,0,1,0,7.775,0,1,0,0,1
269,1,58.0,0,0,1,153.4625,1,0,0,0,1
270,1,35.0,0,0,0,135.6333,1,0,0,0,1
271,1,28.0,0,0,0,31.0,0,1,0,0,1
272,3,25.0,0,0,0,0.0,0,1,0,0,1
273,2,41.0,0,0,1,19.5,1,0,0,0,1
274,1,37.0,0,0,1,29.7,0,1,1,0,0
275,3,28.0,0,0,0,7.75,1,0,0,1,0
276,1,63.0,0,1,0,77.9583,1,0,0,0,1
277,3,45.0,0,0,0,7.75,1,0,0,0,1
278,2,28.0,0,0,0,0.0,0,1,0,0,1
279,3,7.0,0,4,1,29.125,0,1,0,1,0
280,3,35.0,0,1,1,20.25,1,0,0,0,1
281,3,65.0,0,0,0,7.75,0,1,0,1,0
282,3,28.0,0,0,0,7.8542,0,1,0,0,1
283,3,16.0,0,0,0,9.5,0,1,0,0,1
284,3,19.0,0,0,0,8.05,0,1,0,0,1
285,1,28.0,0,0,0,26.0,0,1,0,0,1
286,3,33.0,0,0,0,8.6625,0,1,1,0,0
287,3,30.0,0,0,0,9.5,0,1,0,0,1
288,3,22.0,0,0,0,7.8958,0,1,0,0,1
289,2,42.0,0,0,0,13.0,0,1,0,0,1
290,3,22.0,0,0,0,7.75,1,0,0,1,0
291,1,26.0,0,0,0,78.85,1,0,0,0,1
292,1,19.0,0,1,0,91.0792,1,0,1,0,0
293,2,36.0,0,0,0,12.875,0,1,1,0,0
294,3,24.0,0,0,0,8.85,1,0,0,0,1
295,3,24.0,0,0,0,7.8958,0,1,0,0,1
296,1,28.0,0,0,0,27.7208,0,1,1,0,0
297,3,23.0,1,0,0,7.2292,0,1,1,0,0
298,1,2.0,0,1,2,151.55,1,0,0,0,1
299,1,28.0,0,0,0,30.5,0,1,0,0,1
300,1,50.0,0,0,1,247.5208,1,0,1,0,0
301,3,28.0,0,0,0,7.75,1,0,0,1,0
302,3,28.0,0,2,0,23.25,0,1,0,1,0
303,3,19.0,0,0,0,0.0,0,1,0,0,1
304,2,28.0,0,0,0,12.35,1,0,0,1,0
305,3,28.0,0,0,0,8.05,0,1,0,0,1
306,1,0.92,0,1,2,151.55,0,1,0,0,1
307,1,28.0,0,0,0,110.8833,1,0,1,0,0
308,1,17.0,0,1,0,108.9,1,0,1,0,0
309,2,30.0,0,1,0,24.0,0,1,1,0,0
310,1,30.0,0,0,0,56.9292,1,0,1,0,0
311,1,24.0,0,0,0,83.1583,1,0,1,0,0
312,1,18.0,0,2,2,262.375,1,0,1,0,0
313,2,26.0,0,1,1,26.0,1,0,0,0,1
314,3,28.0,0,0,0,7.8958,0,1,0,0,1
315,2,43.0,0,1,1,26.25,0,1,0,0,1
316,3,26.0,0,0,0,7.8542,1,0,0,0,1
317,2,24.0,0,1,0,26.0,1,0,0,0,1
318,2,54.0,0,0,0,14.0,0,1,0,0,1
319,1,31.0,0,0,2,164.8667,1,0,0,0,1
320,1,40.0,0,1,1,134.5,1,0,1,0,0
321,3,22.0,0,0,0,7.25,0,1,0,0,1
322,3,27.0,0,0,0,7.8958,0,1,0,0,1
323,2,30.0,0,0,0,12.35,1,0,0,1,0
324,2,22.0,0,1,1,29.0,1,0,0,0,1
325,3,28.0,0,8,2,69.55,0,1,0,0,1
326,1,36.0,0,0,0,135.6333,1,0,1,0,0
327,3,61.0,0,0,0,6.2375,0,1,0,0,1
328,2,36.0,0,0,0,13.0,1,0,0,0,1
329,3,31.0,0,1,1,20.525,1,0,0,0,1
330,1,16.0,0,0,1,57.9792,1,0,1,0,0
331,3,28.0,0,2,0,23.25,1,0,0,1,0
332,1,45.0,1,0,0,28.5,0,1,0,0,1
333,1,38.0,0,0,1,153.4625,0,1,0,0,1
334,3,16.0,0,2,0,18.0,0,1,0,0,1
335,1,28.0,0,1,0,133.65,1,0,0,0,1
336,3,28.0,0,0,0,7.8958,0,1,0,0,1
337,1,29.0,0,1,0,66.6,0,1,0,0,1
338,1,41.0,0,0,0,134.5,1,0,1,0,0
339,3,45.0,0,0,0,8.05,0,1,0,0,1
340,1,45.0,0,0,0,35.5,0,1,0,0,1
341,2,2.0,0,1,1,26.0,0,1,0,0,1
342,1,24.0,0,3,2,263.0,1,0,0,0,1
343,2,28.0,0,0,0,13.0,0,1,0,0,1
344,2,25.0,0,0,0,13.0,0,1,0,0,1
345,2,36.0,0,0,0,13.0,0,1,0,0,1
346,2,24.0,0,0,0,13.0,1,0,0,0,1
347,2,40.0,0,0,0,13.0,1,0,0,0,1
348,3,28.0,0,1,0,16.1,1,0,0,0,1
349,3,3.0,0,1,1,15.9,0,1,0,0,1
350,3,42.0,0,0,0,8.6625,0,1,0,0,1
351,3,23.0,0,0,0,9.225,0,1,0,0,1
352,1,28.0,0,0,0,35.0,0,1,0,0,1
353,3,15.0,0,1,1,7.2292,0,1,1,0,0
354,3,25.0,0,1,0,17.8,0,1,0,0,1
355,3,28.0,0,0,0,7.225,0,1,1,0,0
356,3,28.0,0,0,0,9.5,0,1,0,0,1
357,1,22.0,0,0,1,55.0,1,0,0,0,1
358,2,38.0,0,0,0,13.0,1,0,0,0,1
359,3,28.0,0,0,0,7.8792,1,0,0,1,0
360,3,28.0,0,0,0,7.8792,1,0,0,1,0
361,3,40.0,0,1,4,27.9,0,1,0,0,1
362,2,29.0,0,1,0,27.7208,0,1,1,0,0
363,3,45.0,0,0,1,14.4542,1,0,1,0,0
364,3,35.0,0,0,0,7.05,0,1,0,0,1
365,3,28.0,0,1,0,15.5,0,1,0,1,0
366,3,30.0,0,0,0,7.25,0,1,0,0,1
367,1,60.0,0,1,0,75.25,1,0,1,0,0
368,3,28.0,0,0,0,7.2292,1,0,1,0,0
369,3,28.0,0,0,0,7.75,1,0,0,1,0
370,1,24.0,0,0,0,69.3,1,0,1,0,0
371,1,25.0,0,1,0,55.4417,0,1,1,0,0
372,3,18.0,0,1,0,6.4958,0,1,0,0,1
373,3,19.0,0,0,0,8.05,0,1,0,0,1
374,1,22.0,0,0,0,135.6333,0,1,1,0,0
375,3,3.0,0,3,1,21.075,1,0,0,0,1
376,1,28.0,0,1,0,82.1708,1,0,1,0,0
377,3,22.0,0,0,0,7.25,1,0,0,0,1
378,1,27.0,0,0,2,211.5,0,1,1,0,0
379,3,20.0,0,0,0,4.0125,0,1,1,0,0
380,3,19.0,0,0,0,7.775,0,1,0,0,1
381,1,42.0,0,0,0,227.525,1,0,1,0,0
382,3,1.0,0,0,2,15.7417,1,0,1,0,0
383,3,32.0,0,0,0,7.925,0,1,0,0,1
384,1,35.0,0,1,0,52.0,1,0,0,0,1
385,3,28.0,0,0,0,7.8958,0,1,0,0,1
386,2,18.0,0,0,0,73.5,0,1,0,0,1
387,3,1.0,0,5,2,46.9,0,1,0,0,1
388,2,36.0,0,0,0,13.0,1,0,0,0,1
389,3,28.0,0,0,0,7.7292,0,1,0,1,0
390,2,17.0,0,0,0,12.0,1,0,1,0,0
391,1,36.0,0,1,2,120.0,0,1,0,0,1
392,3,21.0,0,0,0,7.7958,0,1,0,0,1
393,3,28.0,0,2,0,7.925,0,1,0,0,1
394,1,23.0,0,1,0,113.275,1,0,1,0,0
395,3,24.0,0,0,2,16.7,1,0,0,0,1
396,3,22.0,0,0,0,7.7958,0,1,0,0,1
397,3,31.0,0,0,0,7.8542,1,0,0,0,1
398,2,46.0,0,0,0,26.0,0,1,0,0,1
399,2,23.0,0,0,0,10.5,0,1,0,0,1
400,2,28.0,0,0,0,12.65,1,0,0,0,1
401,3,39.0,0,0,0,7.925,0,1,0,0,1
402,3,26.0,0,0,0,8.05,0,1,0,0,1
403,3,21.0,0,1,0,9.825,1,0,0,0,1
404,3,28.0,0,1,0,15.85,0,1,0,0,1
405,3,20.0,0,0,0,8.6625,1,0,0,0,1
406,2,34.0,0,1,0,21.0,0,1,0,0,1
407,3,51.0,0,0,0,7.75,0,1,0,0,1
408,2,3.0,0,1,1,18.75,0,1,0,0,1
409,3,21.0,0,0,0,7.775,0,1,0,0,1
410,3,28.0,0,3,1,25.4667,1,0,0,0,1
411,3,28.0,0,0,0,7.8958,0,1,0,0,1
412,3,28.0,0,0,0,6.8583,0,1,0,1,0
413,1,33.0,0,1,0,90.0,1,0,0,1,0
414,2,28.0,0,0,0,0.0,0,1,0,0,1
415,3,44.0,0,0,0,7.925,0,1,0,0,1
416,3,28.0,0,0,0,8.05,1,0,0,0,1
417,2,34.0,0,1,1,32.5,1,0,0,0,1
418,2,18.0,0,0,2,13.0,1,0,0,0,1
419,2,30.0,0,0,0,13.0,0,1,0,0,1
420,3,10.0,0,0,2,24.15,1,0,0,0,1
421,3,28.0,0,0,0,7.8958,0,1,1,0,0
422,3,21.0,0,0,0,7.7333,0,1,0,1,0
423,3,29.0,0,0,0,7.875,0,1,0,0,1
424,3,28.0,0,1,1,14.4,1,0,0,0,1
425,3,18.0,0,1,1,20.2125,0,1,0,0,1
426,3,28.0,0,0,0,7.25,0,1,0,0,1
427,2,28.0,0,1,0,26.0,1,0,0,0,1
428,2,19.0,0,0,0,26.0,1,0,0,0,1
429,3,28.0,0,0,0,7.75,0,1,0,1,0
430,3,32.0,0,0,0,8.05,0,1,0,0,1
431,1,28.0,0,0,0,26.55,0,1,0,0,1
432,3,28.0,0,1,0,16.1,1,0,0,0,1
433,2,42.0,0,1,0,26.0,1,0,0,0,1
434,3,17.0,0,0,0,7.125,0,1,0,0,1
435,1,50.0,0,1,0,55.9,0,1,0,0,1
436,1,14.0,0,1,2,120.0,1,0,0,0,1
437,3,21.0,0,2,2,34.375,1,0,0,0,1
438,2,24.0,0,2,3,18.75,1,0,0,0,1
439,1,64.0,0,1,4,263.0,0,1,0,0,1
440,2,31.0,0,0,0,10.5,0,1,0,0,1
441,2,45.0,0,1,1,26.25,1,0,0,0,1
442,3,20.0,0,0,0,9.5,0,1,0,0,1
443,3,25.0,0,1,0,7.775,0,1,0,0,1
444,2,28.0,0,0,0,13.0,1,0,0,0,1
445,3,28.0,0,0,0,8.1125,0,1,0,0,1
446,1,4.0,0,0,2,81.8583,0,1,0,0,1
447,2,13.0,0,0,1,19.5,1,0,0,0,1
448,1,34.0,0,0,0,26.55,0,1,0,0,1
449,3,5.0,0,2,1,19.2583,1,0,1,0,0
450,1,52.0,0,0,0,30.5,0,1,0,0,1
451,2,36.0,0,1,2,27.75,0,1,0,0,1
452,3,28.0,0,1,0,19.9667,0,1,0,0,1
453,1,30.0,0,0,0,27.75,0,1,1,0,0
454,1,49.0,0,1,0,89.1042,0,1,1,0,0
455,3,28.0,0,0,0,8.05,0,1,0,0,1
456,3,29.0,0,0,0,7.8958,0,1,1,0,0
457,1,65.0,0,0,0,26.55,0,1,0,0,1
458,1,28.0,0,1,0,51.8625,1,0,0,0,1
459,2,50.0,0,0,0,10.5,1,0,0,0,1
460,3,28.0,0,0,0,7.75,0,1,0,1,0
461,1,48.0,0,0,0,26.55,0,1,0,0,1
462,3,34.0,0,0,0,8.05,0,1,0,0,1
463,1,47.0,0,0,0,38.5,0,1,0,0,1
464,2,48.0,0,0,0,13.0,0,1,0,0,1
465,3,28.0,0,0,0,8.05,0,1,0,0,1
466,3,38.0,0,0,0,7.05,0,1,0,0,1
467,2,28.0,0,0,0,0.0,0,1,0,0,1
468,1,56.0,0,0,0,26.55,0,1,0,0,1
469,3,28.0,0,0,0,7.725,0,1,0,1,0
470,3,0.75,0,2,1,19.2583,1,0,1,0,0
471,3,28.0,0,0,0,7.25,0,1,0,0,1
472,3,38.0,0,0,0,8.6625,0,1,0,0,1
473,2,33.0,0,1,2,27.75,1,0,0,0,1
474,2,23.0,0,0,0,13.7917,1,0,1,0,0
475,3,22.0,0,0,0,9.8375,1,0,0,0,1
476,1,28.0,0,0,0,52.0,0,1,0,0,1
477,2,34.0,0,1,0,21.0,0,1,0,0,1
478,3,29.0,0,1,0,7.0458,0,1,0,0,1
479,3,22.0,0,0,0,7.5208,0,1,0,0,1
480,3,2.0,0,0,1,12.2875,1,0,0,0,1
481,3,9.0,0,5,2,46.9,0,1,0,0,1
482,2,28.0,0,0,0,0.0,0,1,0,0,1
483,3,50.0,0,0,0,8.05,0,1,0,0,1
484,3,63.0,0,0,0,9.5875,1,0,0,0,1
485,1,25.0,0,1,0,91.0792,0,1,1,0,0
486,3,28.0,0,3,1,25.4667,1,0,0,0,1
487,1,35.0,0,1,0,90.0,1,0,0,0,1
488,1,58.0,0,0,0,29.7,0,1,1,0,0
489,3,30.0,0,0,0,8.05,0,1,0,0,1
490,3,9.0,0,1,1,15.9,0,1,0,0,1
491,3,28.0,0,1,0,19.9667,0,1,0,0,1
492,3,21.0,0,0,0,7.25,0,1,0,0,1
493,1,55.0,0,0,0,30.5,0,1,0,0,1
494,1,71.0,0,0,0,49.5042,0,1,1,0,0
495,3,21.0,0,0,0,8.05,0,1,0,0,1
496,3,28.0,0,0,0,14.4583,0,1,1,0,0
497,1,54.0,0,1,0,78.2667,1,0,1,0,0
498,3,28.0,0,0,0,15.1,0,1,0,0,1
499,1,25.0,0,1,2,151.55,1,0,0,0,1
500,3,24.0,0,0,0,7.7958,0,1,0,0,1
501,3,17.0,0,0,0,8.6625,0,1,0,0,1
502,3,21.0,0,0,0,7.75,1,0,0,1,0
503,3,28.0,0,0,0,7.6292,1,0,0,1,0
504,3,37.0,0,0,0,9.5875,1,0,0,0,1
505,1,16.0,0,0,0,86.5,1,0,0,0,1
506,1,18.0,0,1,0,108.9,0,1,1,0,0
507,2,33.0,0,0,2,26.0,1,0,0,0,1
508,1,28.0,0,0,0,26.55,0,1,0,0,1
509,3,28.0,0,0,0,22.525,0,1,0,0,1
510,3,26.0,0,0,0,56.4958,0,1,0,0,1
511,3,29.0,0,0,0,7.75,0,1,0,1,0
512,3,28.0,0,0,0,8.05,0,1,0,0,1
513,1,36.0,0,0,0,26.2875,0,1,0,0,1
514,1,54.0,0,1,0,59.4,1,0,1,0,0
515,3,24.0,0,0,0,7.4958,0,1,0,0,1
516,1,47.0,0,0,0,34.0208,0,1,0,0,1
517,2,34.0,0,0,0,10.5,1,0,0,0,1
518,3,28.0,0,0,0,24.15,0,1,0,1,0
519,2,36.0,0,1,0,26.0,1,0,0,0,1
520,3,32.0,0,0,0,7.8958,0,1,0,0,1
521,1,30.0,0,0,0,93.5,1,0,0,0,1
522,3,22.0,0,0,0,7.8958,0,1,0,0,1
523,3,28.0,0,0,0,7.225,0,1,1,0,0
524,1,44.0,0,0,1,57.9792,1,0,1,0,0
525,3,28.0,0,0,0,7.2292,0,1,1,0,0
526,3,40.0,1,0,0,7.75,0,1,0,1,0
527,2,50.0,0,0,0,10.5,1,0,0,0,1
528,1,28.0,0,0,0,221.7792,0,1,0,0,1
529,3,39.0,0,0,0,7.925,0,1,0,0,1
530,2,23.0,0,2,1,11.5,0,1,0,0,1
531,2,2.0,0,1,1,26.0,1,0,0,0,1
532,3,28.0,0,0,0,7.2292,0,1,1,0,0
533,3,17.0,0,1,1,7.2292,0,1,1,0,0
534,3,28.0,0,0,2,22.3583,1,0,1,0,0
535,3,30.0,0,0,0,8.6625,1,0,0,0,1
536,2,7.0,0,0,2,26.25,1,0,0,0,1
537,1,45.0,0,0,0,26.55,0,1,0,0,1
538,1,30.0,0,0,0,106.425,1,0,1,0,0
539,3,28.0,0,0,0,14.5,0,1,0,0,1
540,1,22.0,0,0,2,49.5,1,0,1,0,0
541,1,36.0,0,0,2,71.0,1,0,0,0,1
542,3,9.0,0,4,2,31.275,1,0,0,0,1
543,3,11.0,0,4,2,31.275,1,0,0,0,1
544,2,32.0,0,1,0,26.0,0,1,0,0,1
545,1,50.0,0,1,0,106.425,0,1,1,0,0
546,1,64.0,0,0,0,26.0,0,1,0,0,1
547,2,19.0,0,1,0,26.0,1,0,0,0,1
548,2,28.0,0,0,0,13.8625,0,1,1,0,0
549,3,33.0,0,1,1,20.525,0,1,0,0,1
550,2,8.0,0,1,1,36.75,0,1,0,0,1
551,1,17.0,0,0,2,110.8833,0,1,1,0,0
552,2,27.0,0,0,0,26.0,0,1,0,0,1
553,3,28.0,0,0,0,7.8292,0,1,0,1,0
554,3,22.0,0,0,0,7.225,0,1,1,0,0
555,3,22.0,0,0,0,7.775,1,0,0,0,1
556,1,62.0,0,0,0,26.55,0,1,0,0,1
557,1,48.0,0,1,0,39.6,1,0,1,0,0
558,1,28.0,0,0,0,227.525,0,1,1,0,0
559,1,39.0,0,1,1,79.65,1,0,0,0,1
560,3,36.0,0,1,0,17.4,1,0,0,0,1
561,3,28.0,0,0,0,7.75,0,1,0,1,0
562,3,40.0,0,0,0,7.8958,0,1,0,0,1
563,2,28.0,0,0,0,13.5,0,1,0,0,1
564,3,28.0,0,0,0,8.05,0,1,0,0,1
565,3,28.0,0,0,0,8.05,1,0,0,0,1
566,3,24.0,0,2,0,24.15,0,1,0,0,1
567,3,19.0,0,0,0,7.8958,0,1,0,0,1
568,3,29.0,0,0,4,21.075,1,0,0,0,1
569,3,28.0,0,0,0,7.2292,0,1,1,0,0
570,3,32.0,0,0,0,7.8542,0,1,0,0,1
571,2,62.0,0,0,0,10.5,0,1,0,0,1
572,1,53.0,0,2,0,51.4792,1,0,0,0,1
573,1,36.0,0,0,0,26.3875,0,1,0,0,1
574,3,28.0,0,0,0,7.75,1,0,0,1,0
575,3,16.0,0,0,0,8.05,0,1,0,0,1
576,3,19.0,0,0,0,14.5,0,1,0,0,1
577,2,34.0,0,0,0,13.0,1,0,0,0,1
578,1,39.0,0,1,0,55.9,1,0,0,0,1
579,3,28.0,0,1,0,14.4583,1,0,1,0,0
580,3,32.0,0,0,0,7.925,0,1,0,0,1
581,2,25.0,0,1,1,30.0,1,0,0,0,1
582,1,39.0,0,1,1,110.8833,1,0,1,0,0
583,2,54.0,0,0,0,26.0,0,1,0,0,1
584,1,36.0,0,0,0,40.125,0,1,1,0,0
585,3,28.0,0,0,0,8.7125,0,1,1,0,0
586,1,18.0,0,0,2,79.65,1,0,0,0,1
587,2,47.0,0,0,0,15.0,0,1,0,0,1
588,1,60.0,0,1,1,79.2,0,1,1,0,0
589,3,22.0,0,0,0,8.05,0,1,0,0,1
590,3,28.0,0,0,0,8.05,0,1,0,0,1
591,3,35.0,0,0,0,7.125,0,1,0,0,1
592,1,52.0,0,1,0,78.2667,1,0,1,0,0
593,3,47.0,0,0,0,7.25,0,1,0,0,1
594,3,28.0,0,0,2,7.75,1,0,0,1,0
595,2,37.0,0,1,0,26.0,0,1,0,0,1
596,3,36.0,0,1,1,24.15,0,1,0,0,1
597,2,28.0,0,0,0,33.0,1,0,0,0,1
598,3,49.0,0,0,0,0.0,0,1,0,0,1
599,3,28.0,0,0,0,7.225,0,1,1,0,0
600,1,49.0,0,1,0,56.9292,0,1,1,0,0
601,2,24.0,0,2,1,27.0,1,0,0,0,1
602,3,28.0,0,0,0,7.8958,0,1,0,0,1
603,1,28.0,0,0,0,42.4,0,1,0,0,1
604,3,44.0,0,0,0,8.05,0,1,0,0,1
605,1,35.0,0,0,0,26.55,0,1,1,0,0
606,3,36.0,0,1,0,15.55,0,1,0,0,1
607,3,30.0,0,0,0,7.8958,0,1,0,0,1
608,1,27.0,0,0,0,30.5,0,1,0,0,1
609,2,22.0,0,1,2,41.5792,1,0,1,0,0
610,1,40.0,0,0,0,153.4625,1,0,0,0,1
611,3,39.0,0,1,5,31.275,1,0,0,0,1
612,3,28.0,0,0,0,7.05,0,1,0,0,1
613,3,28.0,0,1,0,15.5,1,0,0,1,0
614,3,28.0,0,0,0,7.75,0,1,0,1,0
615,3,35.0,0,0,0,8.05,0,1,0,0,1
616,2,24.0,0,1,2,65.0,1,0,0,0,1
617,3,34.0,0,1,1,14.4,0,1,0,0,1
618,3,26.0,0,1,0,16.1,1,0,0,0,1
619,2,4.0,0,2,1,39.0,1,0,0,0,1
620,2,26.0,0,0,0,10.5,0,1,0,0,1
621,3,27.0,0,1,0,14.4542,0,1,1,0,0
622,1,42.0,0,1,0,52.5542,0,1,0,0,1
623,3,20.0,0,1,1,15.7417,0,1,1,0,0
624,3,21.0,0,0,0,7.8542,0,1,0,0,1
625,3,21.0,0,0,0,16.1,0,1,0,0,1
626,1,61.0,0,0,0,32.3208,0,1,0,0,1
627,2,57.0,0,0,0,12.35,0,1,0,1,0
628,1,21.0,0,0,0,77.9583,1,0,0,0,1
629,3,26.0,0,0,0,7.8958,0,1,0,0,1
630,3,28.0,0,0,0,7.7333,0,1,0,1,0
631,1,80.0,0,0,0,30.0,0,1,0,0,1
632,3,51.0,0,0,0,7.0542,0,1,0,0,1
633,1,32.0,0,0,0,30.5,0,1,1,0,0
634,1,28.0,0,0,0,0.0,0,1,0,0,1
635,3,9.0,0,3,2,27.9,1,0,0,0,1
636,2,28.0,0,0,0,13.0,1,0,0,0,1
637,3,32.0,0,0,0,7.925,0,1,0,0,1
638,2,31.0,0,1,1,26.25,0,1,0,0,1
639,3,41.0,0,0,5,39.6875,1,0,0,0,1
640,3,28.0,0,1,0,16.1,0,1,0,0,1
641,3,20.0,0,0,0,7.8542,0,1,0,0,1
642,1,24.0,0,0,0,69.3,1,0,1,0,0
643,3,2.0,0,3,2,27.9,1,0,0,0,1
644,3,28.0,0,0,0,56.4958,0,1,0,0,1
645,3,0.75,0,2,1,19.2583,1,0,1,0,0
646,1,48.0,0,1,0,76.7292,0,1,1,0,0
647,3,19.0,0,0,0,7.8958,0,1,0,0,1
648,1,56.0,0,0,0,35.5,0,1,1,0,0
649,3,28.0,0,0,0,7.55,0,1,0,0,1
650,3,23.0,0,0,0,7.55,1,0,0,0,1
651,3,28.0,0,0,0,7.8958,0,1,0,0,1
652,2,18.0,0,0,1,23.0,1,0,0,0,1
653,3,21.0,0,0,0,8.4333,0,1,0,0,1
654,3,28.0,0,0,0,7.8292,1,0,0,1,0
655,3,18.0,0,0,0,6.75,1,0,0,1,0
656,2,24.0,0,2,0,73.5,0,1,0,0,1
657,3,28.0,0,0,0,7.8958,0,1,0,0,1
658,3,32.0,0,1,1,15.5,1,0,0,1,0
659,2,23.0,0,0,0,13.0,0,1,0,0,1
660,1,58.0,0,0,2,113.275,0,1,1,0,0
661,1,50.0,0,2,0,133.65,0,1,0,0,1
662,3,40.0,0,0,0,7.225,0,1,1,0,0
663,1,47.0,0,0,0,25.5875,0,1,0,0,1
664,3,36.0,0,0,0,7.4958,0,1,0,0,1
665,3,20.0,0,1,0,7.925,0,1,0,0,1
666,2,32.0,0,2,0,73.5,0,1,0,0,1
667,2,25.0,0,0,0,13.0,0,1,0,0,1
668,3,28.0,0,0,0,7.775,0,1,0,0,1
669,3,43.0,0,0,0,8.05,0,1,0,0,1
670,1,28.0,0,1,0,52.0,1,0,0,0,1
671,2,40.0,0,1,1,39.0,1,0,0,0,1
672,1,31.0,0,1,0,52.0,0,1,0,0,1
673,2,70.0,0,0,0,10.5,0,1,0,0,1
674,2,31.0,0,0,0,13.0,0,1,0,0,1
675,2,28.0,0,0,0,0.0,0,1,0,0,1
676,3,18.0,0,0,0,7.775,0,1,0,0,1
677,3,24.0,1,0,0,8.05,0,1,0,0,1
678,3,18.0,0,0,0,9.8417,1,0,0,0,1
679,3,43.0,0,1,6,46.9,1,0,0,0,1
680,1,36.0,0,0,1,512.3292,0,1,1,0,0
681,3,28.0,0,0,0,8.1375,1,0,0,1,0
682,1,27.0,0,0,0,76.7292,0,1,1,0,0
683,3,20.0,0,0,0,9.225,0,1,0,0,1
684,3,14.0,0,5,2,46.9,0,1,0,0,1
685,2,60.0,0,1,1,39.0,0,1,0,0,1
686,2,25.0,0,1,2,41.5792,0,1,1,0,0
687,3,14.0,0,4,1,39.6875,0,1,0,0,1
688,3,19.0,0,0,0,10.1708,0,1,0,0,1
689,3,18.0,0,0,0,7.7958,0,1,0,0,1
690,1,15.0,0,0,1,211.3375,1,0,0,0,1
691,1,31.0,0,1,0,57.0,0,1,0,0,1
692,3,4.0,0,0,1,13.4167,1,0,1,0,0
693,3,28.0,0,0,0,56.4958,0,1,0,0,1
694,3,25.0,0,0,0,7.225,0,1,1,0,0
695,1,60.0,0,0,0,26.55,0,1,0,0,1
696,2,52.0,0,0,0,13.5,0,1,0,0,1
697,3,44.0,0,0,0,8.05,0,1,0,0,1
698,3,28.0,0,0,0,7.7333,1,0,0,1,0
699,1,49.0,0,1,1,110.8833,0,1,1,0,0
700,3,42.0,0,0,0,7.65,0,1,0,0,1
701,1,18.0,0,1,0,227.525,1,0,1,0,0
702,1,35.0,0,0,0,26.2875,0,1,0,0,1
703,3,18.0,0,0,1,14.4542,1,0,1,0,0
704,3,25.0,0,0,0,7.7417,0,1,0,1,0
705,3,26.0,0,1,0,7.8542,0,1,0,0,1
706,2,39.0,0,0,0,26.0,0,1,0,0,1
707,2,45.0,0,0,0,13.5,1,0,0,0,1
708,1,42.0,0,0,0,26.2875,0,1,0,0,1
709,1,22.0,0,0,0,151.55,1,0,0,0,1
710,3,28.0,0,1,1,15.2458,0,1,1,0,0
711,1,24.0,0,0,0,49.5042,1,0,1,0,0
712,1,28.0,0,0,0,26.55,0,1,0,0,1
713,1,48.0,0,1,0,52.0,0,1,0,0,1
714,3,29.0,0,0,0,9.4833,0,1,0,0,1
715,2,52.0,0,0,0,13.0,0,1,0,0,1
716,3,19.0,0,0,0,7.65,0,1,0,0,1
717,1,38.0,0,0,0,227.525,1,0,1,0,0
718,2,27.0,0,0,0,10.5,1,0,0,0,1
719,3,28.0,0,0,0,15.5,0,1,0,1,0
720,3,33.0,0,0,0,7.775,0,1,0,0,1
721,2,6.0,0,0,1,33.0,1,0,0,0,1
722,3,17.0,0,1,0,7.0542,0,1,0,0,1
723,2,34.0,0,0,0,13.0,0,1,0,0,1
724,2,50.0,0,0,0,13.0,0,1,0,0,1
725,1,27.0,0,1,0,53.1,0,1,0,0,1
726,3,20.0,0,0,0,8.6625,0,1,0,0,1
727,2,30.0,0,3,0,21.0,1,0,0,0,1
728,3,28.0,0,0,0,7.7375,1,0,0,1,0
729,2,25.0,0,1,0,26.0,0,1,0,0,1
730,3,25.0,0,1,0,7.925,1,0,0,0,1
731,1,29.0,0,0,0,211.3375,1,0,0,0,1
732,3,11.0,0,0,0,18.7875,0,1,1,0,0
733,2,28.0,0,0,0,0.0,0,1,0,0,1
734,2,23.0,0,0,0,13.0,0,1,0,0,1
735,2,23.0,0,0,0,13.0,0,1,0,0,1
736,3,28.0,1,0,0,16.1,0,1,0,0,1
737,3,48.0,0,1,3,34.375,1,0,0,0,1
738,1,35.0,0,0,0,512.3292,0,1,1,0,0
739,3,28.0,0,0,0,7.8958,0,1,0,0,1
740,3,28.0,0,0,0,7.8958,0,1,0,0,1
741,1,28.0,0,0,0,30.0,0,1,0,0,1
742,1,36.0,0,1,0,78.85,0,1,0,0,1
743,1,21.0,0,2,2,262.375,1,0,1,0,0
744,3,24.0,0,1,0,16.1,0,1,0,0,1
745,3,31.0,0,0,0,7.925,0,1,0,0,1
746,1,70.0,0,1,1,71.0,0,1,0,0,1
747,3,16.0,0,1,1,20.25,0,1,0,0,1
748,2,30.0,0,0,0,13.0,1,0,0,0,1
749,1,19.0,0,1,0,53.1,0,1,0,0,1
750,3,31.0,0,0,0,7.75,0,1,0,1,0
751,2,4.0,0,1,1,23.0,1,0,0,0,1
752,3,6.0,0,0,1,12.475,0,1,0,0,1
753,3,33.0,0,0,0,9.5,0,1,0,0,1
754,3,23.0,0,0,0,7.8958,0,1,0,0,1
755,2,48.0,0,1,2,65.0,1,0,0,0,1
756,2,0.67,0,1,1,14.5,0,1,0,0,1
757,3,28.0,0,0,0,7.7958,0,1,0,0,1
758,2,18.0,0,0,0,11.5,0,1,0,0,1
759,3,34.0,0,0,0,8.05,0,1,0,0,1
760,1,33.0,0,0,0,86.5,1,0,0,0,1
761,3,28.0,0,0,0,14.5,0,1,0,0,1
762,3,41.0,0,0,0,7.125,0,1,0,0,1
763,3,20.0,0,0,0,7.2292,0,1,1,0,0
764,1,36.0,0,1,2,120.0,1,0,0,0,1
765,3,16.0,0,0,0,7.775,0,1,0,0,1
766,1,51.0,0,1,0,77.9583,1,0,0,0,1
767,1,28.0,0,0,0,39.6,0,1,1,0,0
768,3,30.0,1,0,0,7.75,1,0,0,1,0
769,3,28.0,0,1,0,24.15,0,1,0,1,0
770,3,32.0,0,0,0,8.3625,0,1,0,0,1
771,3,24.0,0,0,0,9.5,0,1,0,0,1
772,3,48.0,0,0,0,7.8542,0,1,0,0,1
773,2,57.0,0,0,0,10.5,1,0,0,0,1
774,3,28.0,0,0,0,7.225,0,1,1,0,0
775,2,54.0,0,1,3,23.0,1,0,0,0,1
776,3,18.0,0,0,0,7.75,0,1,0,0,1
777,3,28.0,0,0,0,7.75,0,1,0,1,0
778,3,5.0,0,0,0,12.475,1,0,0,0,1
779,3,28.0,0,0,0,7.7375,0,1,0,1,0
780,1,43.0,0,0,1,211.3375,1,0,0,0,1
781,3,13.0,0,0,0,7.2292,1,0,1,0,0
782,1,17.0,0,1,0,57.0,1,0,0,0,1
783,1,29.0,0,0,0,30.0,0,1,0,0,1
784,3,28.0,0,1,2,23.45,0,1,0,0,1
785,3,25.0,0,0,0,7.05,0,1,0,0,1
786,3,25.0,0,0,0,7.25,0,1,0,0,1
787,3,18.0,0,0,0,7.4958,1,0,0,0,1
788,3,8.0,0,4,1,29.125,0,1,0,1,0
789,3,1.0,0,1,2,20.575,0,1,0,0,1
790,1,46.0,0,0,0,79.2,0,1,1,0,0
791,3,28.0,0,0,0,7.75,0,1,0,1,0
792,2,16.0,0,0,0,26.0,0,1,0,0,1
793,3,28.0,0,8,2,69.55,1,0,0,0,1
794,1,28.0,0,0,0,30.6958,0,1,1,0,0
795,3,25.0,0,0,0,7.8958,0,1,0,0,1
796,2,39.0,0,0,0,13.0,0,1,0,0,1
797,1,49.0,0,0,0,25.9292,1,0,0,0,1
798,3,31.0,0,0,0,8.6833,1,0,0,0,1
799,3,30.0,0,0,0,7.2292,0,1,1,0,0
800,3,30.0,0,1,1,24.15,1,0,0,0,1
801,2,34.0,0,0,0,13.0,0,1,0,0,1
802,2,31.0,0,1,1,26.25,1,0,0,0,1
803,1,11.0,0,1,2,120.0,0,1,0,0,1
804,3,0.42,0,0,1,8.5167,0,1,1,0,0
805,3,27.0,0,0,0,6.975,0,1,0,0,1
806,3,31.0,0,0,0,7.775,0,1,0,0,1
807,1,39.0,0,0,0,0.0,0,1,0,0,1
808,3,18.0,0,0,0,7.775,1,0,0,0,1
809,2,39.0,0,0,0,13.0,0,1,0,0,1
810,1,33.0,0,1,0,53.1,1,0,0,0,1
811,3,26.0,0,0,0,7.8875,0,1,0,0,1
812,3,39.0,0,0,0,24.15,0,1,0,0,1
813,2,35.0,0,0,0,10.5,0,1,0,0,1
814,3,6.0,0,4,2,31.275,1,0,0,0,1
815,3,30.0,1,0,0,8.05,0,1,0,0,1
816,1,28.0,0,0,0,0.0,0,1,0,0,1
817,3,23.0,0,0,0,7.925,1,0,0,0,1
818,2,31.0,0,1,1,37.0042,0,1,1,0,0
819,3,43.0,0,0,0,6.45,0,1,0,0,1
820,3,10.0,0,3,2,27.9,0,1,0,0,1
821,1,52.0,0,1,1,93.5,1,0,0,0,1
822,3,27.0,0,0,0,8.6625,0,1,0,0,1
823,1,38.0,0,0,0,0.0,0,1,0,0,1
824,3,27.0,0,0,1,12.475,1,0,0,0,1
825,3,2.0,0,4,1,39.6875,0,1,0,0,1
826,3,28.0,0,0,0,6.95,0,1,0,1,0
827,3,28.0,0,0,0,56.4958,0,1,0,0,1
828,2,1.0,0,0,2,37.0042,0,1,1,0,0
829,3,28.0,0,0,0,7.75,0,1,0,1,0
830,1,62.0,0,0,0,80.0,1,0,0,0,1
831,3,15.0,0,1,0,14.4542,1,0,1,0,0
832,2,0.83,0,1,1,18.75,0,1,0,0,1
833,3,28.0,0,0,0,7.2292,0,1,1,0,0
834,3,23.0,0,0,0,7.8542,0,1,0,0,1
835,3,18.0,0,0,0,8.3,0,1,0,0,1
836,1,39.0,0,1,1,83.1583,1,0,1,0,0
837,3,21.0,0,0,0,8.6625,0,1,0,0,1
838,3,28.0,0,0,0,8.05,0,1,0,0,1
839,3,32.0,0,0,0,56.4958,0,1,0,0,1
840,1,28.0,0,0,0,29.7,0,1,1,0,0
841,3,20.0,0,0,0,7.925,0,1,0,0,1
842,2,16.0,0,0,0,10.5,0,1,0,0,1
843,1,30.0,0,0,0,31.0,1,0,1,0,0
844,3,34.0,1,0,0,6.4375,0,1,1,0,0
845,3,17.0,0,0,0,8.6625,0,1,0,0,1
846,3,42.0,0,0,0,7.55,0,1,0,0,1
847,3,28.0,0,8,2,69.55,0,1,0,0,1
848,3,35.0,0,0,0,7.8958,0,1,1,0,0
849,2,28.0,0,0,1,33.0,0,1,0,0,1
850,1,28.0,0,1,0,89.1042,1,0,1,0,0
851,3,4.0,0,4,2,31.275,0,1,0,0,1
852,3,74.0,0,0,0,7.775,0,1,0,0,1
853,3,9.0,0,1,1,15.2458,1,0,1,0,0
854,1,16.0,0,0,1,39.4,1,0,0,0,1
855,2,44.0,0,1,0,26.0,1,0,0,0,1
856,3,18.0,0,0,1,9.35,1,0,0,0,1
857,1,45.0,0,1,1,164.8667,1,0,0,0,1
858,1,51.0,0,0,0,26.55,0,1,0,0,1
859,3,24.0,0,0,3,19.2583,1,0,1,0,0
860,3,28.0,0,0,0,7.2292,0,1,1,0,0
861,3,41.0,0,2,0,14.1083,0,1,0,0,1
862,2,21.0,0,1,0,11.5,0,1,0,0,1
863,1,48.0,0,0,0,25.9292,1,0,0,0,1
864,3,28.0,0,8,2,69.55,1,0,0,0,1
865,2,24.0,0,0,0,13.0,0,1,0,0,1
866,2,42.0,0,0,0,13.0,1,0,0,0,1
867,2,27.0,0,1,0,13.8583,1,0,1,0,0
868,1,31.0,0,0,0,50.4958,0,1,0,0,1
869,3,28.0,0,0,0,9.5,0,1,0,0,1
870,3,4.0,0,1,1,11.1333,0,1,0,0,1
871,3,26.0,0,0,0,7.8958,0,1,0,0,1
872,1,47.0,0,1,1,52.5542,1,0,0,0,1
873,1,33.0,0,0,0,5.0,0,1,0,0,1
874,3,47.0,0,0,0,9.0,0,1,0,0,1
875,2,28.0,0,1,0,24.0,1,0,1,0,0
876,3,15.0,0,0,0,7.225,1,0,1,0,0
877,3,20.0,0,0,0,9.8458,0,1,0,0,1
878,3,19.0,0,0,0,7.8958,0,1,0,0,1
879,3,28.0,0,0,0,7.8958,0,1,0,0,1
880,1,56.0,0,0,1,83.1583,1,0,1,0,0
881,2,25.0,0,0,1,26.0,1,0,0,0,1
882,3,33.0,0,0,0,7.8958,0,1,0,0,1
883,3,22.0,0,0,0,10.5167,1,0,0,0,1
884,2,28.0,0,0,0,10.5,0,1,0,0,1
885,3,25.0,0,0,0,7.05,0,1,0,0,1
886,3,39.0,0,0,5,29.125,1,0,0,1,0
887,2,27.0,0,0,0,13.0,0,1,0,0,1
888,1,19.0,0,0,0,30.0,1,0,0,0,1
889,3,28.0,0,1,2,23.45,1,0,0,0,1
890,1,26.0,0,0,0,30.0,0,1,1,0,0
891,3,32.0,0,0,0,7.75,0,1,0,1,0
892,3,34.0,1,0,0,7.8292,0,1,0,1,0
893,3,47.0,0,1,0,7.0,1,0,0,0,1
894,2,62.0,0,0,0,9.6875,0,1,0,1,0
895,3,27.0,0,0,0,8.6625,0,1,0,0,1
896,3,22.0,0,1,1,12.2875,1,0,0,0,1
897,3,14.0,0,0,0,9.225,0,1,0,0,1
898,3,30.0,0,0,0,7.6292,1,0,0,1,0
899,2,26.0,0,1,1,29.0,0,1,0,0,1
900,3,18.0,0,0,0,7.2292,1,0,1,0,0
901,3,21.0,0,2,0,24.15,0,1,0,0,1
902,3,28.0,0,0,0,7.8958,0,1,0,0,1
903,1,46.0,0,0,0,26.0,0,1,0,0,1
904,1,23.0,0,1,0,82.2667,1,0,0,0,1
905,2,63.0,0,1,0,26.0,0,1,0,0,1
906,1,47.0,0,1,0,61.175,1,0,0,0,1
907,2,24.0,0,1,0,27.7208,1,0,1,0,0
908,2,35.0,0,0,0,12.35,0,1,0,1,0
909,3,21.0,0,0,0,7.225,0,1,1,0,0
910,3,27.0,0,1,0,7.925,1,0,0,0,1
911,3,45.0,0,0,0,7.225,1,0,1,0,0
912,1,55.0,0,1,0,59.4,0,1,1,0,0
913,3,9.0,0,0,1,3.1708,0,1,0,0,1
914,1,28.0,0,0,0,31.6833,1,0,0,0,1
915,1,21.0,0,0,1,61.3792,0,1,1,0,0
916,1,48.0,0,1,3,262.375,1,0,1,0,0
917,3,50.0,0,1,0,14.5,0,1,0,0,1
918,1,22.0,0,0,1,61.9792,1,0,1,0,0
919,3,22.0,1,0,0,7.225,0,1,1,0,0
920,1,41.0,0,0,0,30.5,0,1,0,0,1
921,3,28.0,0,2,0,21.6792,0,1,1,0,0
922,2,50.0,0,1,0,26.0,0,1,0,0,1
923,2,24.0,0,2,0,31.5,0,1,0,0,1
924,3,33.0,0,1,2,20.575,1,0,0,0,1
925,3,28.0,0,1,2,23.45,1,0,0,0,1
926,1,30.0,0,1,0,57.75,0,1,1,0,0
927,3,18.0,1,0,0,7.2292,0,1,1,0,0
928,3,28.0,0,0,0,8.05,1,0,0,0,1
929,3,21.0,0,0,0,8.6625,1,0,0,0,1
930,3,25.0,0,0,0,9.5,0,1,0,0,1
931,3,28.0,0,0,0,56.4958,0,1,0,0,1
932,3,39.0,0,0,1,13.4167,0,1,1,0,0
933,1,28.0,0,0,0,26.55,0,1,0,0,1
934,3,41.0,0,0,0,7.85,0,1,0,0,1
935,2,30.0,0,0,0,13.0,1,0,0,0,1
936,1,45.0,0,1,0,52.5542,1,0,0,0,1
937,3,25.0,0,0,0,7.925,0,1,0,0,1
938,1,45.0,0,0,0,29.7,0,1,1,0,0
939,3,28.0,0,0,0,7.75,0,1,0,1,0
940,1,60.0,0,0,0,76.2917,1,0,1,0,0
941,3,36.0,0,0,2,15.9,1,0,0,0,1
942,1,24.0,0,1,0,60.0,0,1,0,0,1
943,2,27.0,0,0,0,15.0333,0,1,1,0,0
944,2,20.0,0,2,1,23.0,1,0,0,0,1
945,1,28.0,0,3,2,263.0,1,0,0,0,1
946,2,28.0,0,0,0,15.5792,0,1,1,0,0
947,3,10.0,0,4,1,29.125,0,1,0,1,0
948,3,35.0,0,0,0,7.8958,0,1,0,0,1
949,3,25.0,0,0,0,7.65,0,1,0,0,1
950,3,28.0,0,1,0,16.1,0,1,0,0,1
951,1,36.0,0,0,0,262.375,1,0,1,0,0
952,3,17.0,0,0,0,7.8958,0,1,0,0,1
953,2,32.0,0,0,0,13.5,0,1,0,0,1
954,3,18.0,0,0,0,7.75,0,1,0,0,1
955,3,22.0,0,0,0,7.725,1,0,0,1,0
956,1,13.0,0,2,2,262.375,0,1,1,0,0
957,2,28.0,0,0,0,21.0,1,0,0,0,1
958,3,18.0,0,0,0,7.8792,1,0,0,1,0
959,1,47.0,0,0,0,42.4,0,1,0,0,1
960,1,31.0,0,0,0,28.5375,0,1,1,0,0
961,1,60.0,0,1,4,263.0,1,0,0,0,1
962,3,24.0,0,0,0,7.75,1,0,0,1,0
963,3,21.0,0,0,0,7.8958,0,1,0,0,1
964,3,29.0,0,0,0,7.925,1,0,0,0,1
965,1,28.0,1,0,0,27.7208,0,1,1,0,0
966,1,35.0,0,0,0,211.5,1,0,1,0,0
967,1,32.0,1,0,0,211.5,0,1,1,0,0
968,3,28.0,0,0,0,8.05,0,1,0,0,1
969,1,55.0,0,2,0,25.7,1,0,0,0,1
970,2,30.0,0,0,0,13.0,0,1,0,0,1
971,3,24.0,0,0,0,7.75,1,0,0,1,0
972,3,6.0,0,1,1,15.2458,0,1,1,0,0
973,1,67.0,0,1,0,221.7792,0,1,0,0,1
974,1,49.0,0,0,0,26.0,0,1,0,0,1
975,3,28.0,0,0,0,7.8958,0,1,0,0,1
976,2,28.0,0,0,0,10.7083,0,1,0,1,0
977,3,28.0,0,1,0,14.4542,0,1,1,0,0
978,3,27.0,0,0,0,7.8792,1,0,0,1,0
979,3,18.0,0,0,0,8.05,1,0,0,0,1
980,3,28.0,0,0,0,7.75,1,0,0,1,0
981,2,2.0,0,1,1,23.0,0,1,0,0,1
982,3,22.0,0,1,0,13.9,1,0,0,0,1
983,3,28.0,0,0,0,7.775,0,1,0,0,1
984,1,27.0,0,1,2,52.0,1,0,0,0,1
985,3,28.0,0,0,0,8.05,0,1,0,0,1
986,1,25.0,0,0,0,26.0,0,1,1,0,0
987,3,25.0,0,0,0,7.7958,0,1,0,0,1
988,1,76.0,0,1,0,78.85,1,0,0,0,1
989,3,29.0,0,0,0,7.925,0,1,0,0,1
990,3,20.0,0,0,0,7.8542,1,0,0,0,1
991,3,33.0,0,0,0,8.05,0,1,0,0,1
992,1,43.0,0,1,0,55.4417,1,0,1,0,0
993,2,27.0,0,1,0,26.0,0,1,0,0,1
994,3,28.0,0,0,0,7.75,0,1,0,1,0
995,3,26.0,0,0,0,7.775,0,1,0,0,1
996,3,16.0,0,1,1,8.5167,1,0,1,0,0
997,3,28.0,0,0,0,22.525,0,1,0,0,1
998,3,21.0,0,0,0,7.8208,0,1,0,1,0
999,3,28.0,0,0,0,7.75,0,1,0,1,0
1000,3,28.0,0,0,0,8.7125,0,1,0,0,1
1001,2,18.0,1,0,0,13.0,0,1,0,0,1
1002,2,41.0,0,0,0,15.0458,0,1,1,0,0
1003,3,28.0,0,0,0,7.7792,1,0,0,1,0
1004,1,36.0,0,0,0,31.6792,1,0,1,0,0
1005,3,18.0,1,0,0,7.2833,1,0,0,1,0
1006,1,63.0,0,1,0,221.7792,1,0,0,0,1
1007,3,18.0,0,1,0,14.4542,0,1,1,0,0
1008,3,28.0,0,0,0,6.4375,0,1,1,0,0
1009,3,1.0,0,1,1,16.7,1,0,0,0,1
1010,1,36.0,0,0,0,75.2417,0,1,1,0,0
1011,2,29.0,0,1,0,26.0,1,0,0,0,1
1012,2,12.0,0,0,0,15.75,1,0,0,0,1
1013,3,28.0,0,1,0,7.75,0,1,0,1,0
1014,1,35.0,0,1,0,57.75,1,0,1,0,0
1015,3,28.0,0,0,0,7.25,0,1,0,0,1
1016,3,28.0,0,0,0,7.75,0,1,0,1,0
1017,3,17.0,0,0,1,16.1,1,0,0,0,1
1018,3,22.0,0,0,0,7.7958,0,1,0,0,1
1019,3,28.0,0,2,0,23.25,1,0,0,1,0
1020,2,42.0,0,0,0,13.0,0,1,0,0,1
1021,3,24.0,0,0,0,8.05,0,1,0,0,1
1022,3,32.0,0,0,0,8.05,0,1,0,0,1
1023,1,53.0,0,0,0,28.5,0,1,1,0,0
1024,3,28.0,0,0,4,25.4667,1,0,0,0,1
1025,3,28.0,0,1,0,6.4375,0,1,1,0,0
1026,3,43.0,0,0,0,7.8958,0,1,0,0,1
1027,3,24.0,0,0,0,7.8542,0,1,0,0,1
1028,3,26.0,1,0,0,7.225,0,1,1,0,0
1029,2,26.0,0,0,0,13.0,0,1,0,0,1
1030,3,23.0,0,0,0,8.05,1,0,0,0,1
1031,3,40.0,0,1,6,46.9,0,1,0,0,1
1032,3,10.0,0,5,2,46.9,1,0,0,0,1
1033,1,33.0,0,0,0,151.55,1,0,0,0,1
1034,1,61.0,0,1,3,262.375,0,1,1,0,0
1035,2,28.0,0,0,0,26.0,0,1,0,0,1
1036,1,42.0,0,0,0,26.55,0,1,0,0,1
1037,3,31.0,0,3,0,18.0,0,1,0,0,1
1038,1,28.0,0,0,0,51.8625,0,1,0,0,1
1039,3,22.0,0,0,0,8.05,0,1,0,0,1
1040,1,28.0,0,0,0,26.55,0,1,0,0,1
1041,2,30.0,0,1,1,26.0,0,1,0,0,1
1042,1,23.0,0,0,1,83.1583,1,0,1,0,0
1043,3,28.0,0,0,0,7.8958,0,1,1,0,0
1044,3,60.0,1,0,0,14.4542,0,1,0,0,1
1045,3,36.0,0,0,2,12.1833,1,0,0,0,1
1046,3,13.0,0,4,2,31.3875,0,1,0,0,1
1047,3,24.0,0,0,0,7.55,0,1,0,0,1
1048,1,29.0,0,0,0,221.7792,1,0,0,0,1
1049,3,23.0,0,0,0,7.8542,1,0,0,0,1
1050,1,42.0,0,0,0,26.55,0,1,0,0,1
1051,3,26.0,0,0,2,13.775,1,0,0,0,1
1052,3,28.0,0,0,0,7.7333,1,0,0,1,0
1053,3,7.0,0,1,1,15.2458,0,1,1,0,0
1054,2,26.0,0,0,0,13.5,1,0,0,0,1
1055,3,28.0,0,0,0,7.0,0,1,0,0,1
1056,2,41.0,0,0,0,13.0,0,1,0,0,1
1057,3,26.0,0,1,1,22.025,1,0,0,0,1
1058,1,48.0,0,0,0,50.4958,0,1,1,0,0
1059,3,18.0,0,2,2,34.375,0,1,0,0,1
1060,1,28.0,0,0,0,27.7208,1,0,1,0,0
1061,3,22.0,0,0,0,8.9625,1,0,0,0,1
1062,3,28.0,0,0,0,7.55,0,1,0,0,1
1063,3,27.0,0,0,0,7.225,0,1,1,0,0
1064,3,23.0,0,1,0,13.9,0,1,0,0,1
1065,3,28.0,0,0,0,7.2292,0,1,1,0,0
1066,3,40.0,0,1,5,31.3875,0,1,0,0,1
1067,2,15.0,0,0,2,39.0,1,0,0,0,1
1068,2,20.0,0,0,0,36.75,1,0,0,0,1
1069,1,54.0,0,1,0,55.4417,0,1,1,0,0
1070,2,36.0,0,0,3,39.0,1,0,0,0,1
1071,1,64.0,0,0,2,83.1583,1,0,1,0,0
1072,2,30.0,0,0,0,13.0,0,1,0,0,1
1073,1,37.0,0,1,1,83.1583,0,1,1,0,0
1074,1,18.0,0,1,0,53.1,1,0,0,0,1
1075,3,28.0,0,0,0,7.75,0,1,0,1,0
1076,1,27.0,0,1,1,247.5208,1,0,1,0,0
1077,2,40.0,0,0,0,16.0,0,1,0,0,1
1078,2,21.0,0,0,1,21.0,1,0,0,0,1
1079,3,17.0,0,2,0,8.05,0,1,0,0,1
1080,3,28.0,0,8,2,69.55,1,0,0,0,1
1081,2,40.0,0,0,0,13.0,0,1,0,0,1
1082,2,34.0,0,1,0,26.0,0,1,0,0,1
1083,1,28.0,0,0,0,26.0,0,1,0,0,1
1084,3,11.0,1,1,1,14.5,0,1,0,0,1
1085,2,61.0,0,0,0,12.35,0,1,0,1,0
1086,2,8.0,0,0,2,32.5,0,1,0,0,1
1087,3,33.0,0,0,0,7.8542,0,1,0,0,1
1088,1,6.0,0,0,2,134.5,0,1,1,0,0
1089,3,18.0,0,0,0,7.775,1,0,0,0,1
1090,2,23.0,0,0,0,10.5,0,1,0,0,1
1091,3,28.0,0,0,0,8.1125,1,0,0,0,1
1092,3,28.0,0,0,0,15.5,1,0,0,1,0
1093,3,0.33,0,0,2,14.4,0,1,0,0,1
1094,1,47.0,0,1,0,227.525,0,1,1,0,0
1095,2,8.0,0,1,1,26.0,1,0,0,0,1
1096,2,25.0,0,0,0,10.5,0,1,0,0,1
1097,1,28.0,0,0,0,25.7417,0,1,1,0,0
1098,3,35.0,0,0,0,7.75,1,0,0,1,0
1099,2,24.0,0,0,0,10.5,0,1,0,0,1
1100,1,33.0,0,0,0,27.7208,1,0,1,0,0
1101,3,25.0,0,0,0,7.8958,0,1,0,0,1
1102,3,32.0,0,0,0,22.525,0,1,0,0,1
1103,3,28.0,0,0,0,7.05,0,1,0,0,1
1104,2,17.0,0,0,0,73.5,0,1,0,0,1
1105,2,60.0,0,1,0,26.0,1,0,0,0,1
1106,3,38.0,0,4,2,7.775,1,0,0,0,1
1107,1,42.0,0,0,0,42.5,0,1,0,0,1
1108,3,28.0,0,0,0,7.8792,1,0,0,1,0
1109,1,57.0,0,1,1,164.8667,0,1,0,0,1
1110,1,50.0,0,1,1,211.5,1,0,1,0,0
1111,3,28.0,0,0,0,8.05,0,1,0,0,1
1112,2,30.0,0,1,0,13.8583,1,0,1,0,0
1113,3,21.0,0,0,0,8.05,0,1,0,0,1
1114,2,22.0,0,0,0,10.5,1,0,0,0,1
1115,3,21.0,0,0,0,7.7958,0,1,0,0,1
1116,1,53.0,0,0,0,27.4458,1,0,1,0,0
1117,3,28.0,0,0,2,15.2458,1,0,1,0,0
1118,3,23.0,0,0,0,7.7958,0,1,0,0,1
1119,3,28.0,0,0,0,7.75,1,0,0,1,0
1120,3,40.0,1,0,0,15.1,0,1,0,0,1
1121,2,36.0,0,0,0,13.0,0,1,0,0,1
1122,2,14.0,0,0,0,65.0,0,1,0,0,1
1123,1,21.0,0,0,0,26.55,1,0,0,0,1
1124,3,21.0,0,1,0,6.4958,0,1,0,0,1
1125,3,28.0,0,0,0,7.8792,0,1,0,1,0
1126,1,39.0,0,1,0,71.2833,0,1,1,0,0
1127,3,20.0,0,0,0,7.8542,0,1,0,0,1
1128,1,64.0,0,1,0,75.25,0,1,1,0,0
1129,3,20.0,0,0,0,7.225,0,1,1,0,0
1130,2,18.0,0,1,1,13.0,1,0,0,0,1
1131,1,48.0,0,1,0,106.425,1,0,1,0,0
1132,1,55.0,0,0,0,27.7208,1,0,1,0,0
1133,2,45.0,0,0,2,30.0,1,0,0,0,1
1134,1,45.0,0,1,1,134.5,0,1,1,0,0
1135,3,28.0,0,0,0,7.8875,0,1,0,0,1
1136,3,28.0,0,1,2,23.45,0,1,0,0,1
1137,1,41.0,0,1,0,51.8625,0,1,0,0,1
1138,2,22.0,0,0,0,21.0,1,0,0,0,1
1139,2,42.0,0,1,1,32.5,0,1,0,0,1
1140,2,29.0,0,1,0,26.0,1,0,0,0,1
1141,3,28.0,0,1,0,14.4542,1,0,1,0,0
1142,2,0.92,0,1,2,27.75,1,0,0,0,1
1143,3,20.0,0,0,0,7.925,0,1,0,0,1
1144,1,27.0,0,1,0,136.7792,0,1,1,0,0
1145,3,24.0,0,0,0,9.325,0,1,0,0,1
1146,3,32.0,1,0,0,9.5,0,1,0,0,1
1147,3,28.0,0,0,0,7.55,0,1,0,0,1
1148,3,28.0,0,0,0,7.75,0,1,0,1,0
1149,3,28.0,0,0,0,8.05,0,1,0,0,1
1150,2,19.0,0,0,0,13.0,1,0,0,0,1
1151,3,21.0,0,0,0,7.775,0,1,0,0,1
1152,3,36.0,1,1,0,17.4,0,1,0,0,1
1153,3,21.0,0,0,0,7.8542,0,1,0,0,1
1154,2,29.0,0,0,2,23.0,1,0,0,0,1
1155,3,1.0,0,1,1,12.1833,1,0,0,0,1
1156,2,30.0,0,0,0,12.7375,0,1,1,0,0
1157,3,28.0,0,0,0,7.8958,0,1,0,0,1
1158,1,28.0,0,0,0,0.0,0,1,0,0,1
1159,3,28.0,0,0,0,7.55,0,1,0,0,1
1160,3,28.0,0,0,0,8.05,1,0,0,0,1
1161,3,17.0,0,0,0,8.6625,0,1,0,0,1
1162,1,46.0,0,0,0,75.2417,0,1,1,0,0
1163,3,28.0,0,0,0,7.75,0,1,0,1,0
1164,1,26.0,0,1,0,136.7792,1,0,1,0,0
1165,3,28.0,0,1,0,15.5,1,0,0,1,0
1166,3,28.0,0,0,0,7.225,0,1,1,0,0
1167,2,20.0,0,1,0,26.0,1,0,0,0,1
1168,2,28.0,0,0,0,10.5,0,1,0,0,1
1169,2,40.0,0,1,0,26.0,0,1,0,0,1
1170,2,30.0,0,1,0,21.0,0,1,0,0,1
1171,2,22.0,0,0,0,10.5,0,1,0,0,1
1172,3,23.0,0,0,0,8.6625,1,0,0,0,1
1173,3,0.75,0,1,1,13.775,0,1,0,0,1
1174,3,28.0,0,0,0,7.75,1,0,0,1,0
1175,3,9.0,0,1,1,15.2458,1,0,1,0,0
1176,3,2.0,0,1,1,20.2125,1,0,0,0,1
1177,3,36.0,0,0,0,7.25,0,1,0,0,1
1178,3,28.0,0,0,0,7.25,0,1,0,0,1
1179,1,24.0,0,1,0,82.2667,0,1,0,0,1
1180,3,28.0,0,0,0,7.2292,0,1,1,0,0
1181,3,28.0,0,0,0,8.05,0,1,0,0,1
1182,1,28.0,0,0,0,39.6,0,1,0,0,1
1183,3,30.0,0,0,0,6.95,1,0,0,1,0
1184,3,28.0,0,0,0,7.2292,0,1,1,0,0
1185,1,53.0,0,1,1,81.8583,0,1,0,0,1
1186,3,36.0,0,0,0,9.5,0,1,0,0,1
1187,3,26.0,0,0,0,7.8958,0,1,0,0,1
1188,2,1.0,0,1,2,41.5792,1,0,1,0,0
1189,3,28.0,0,2,0,21.6792,0,1,1,0,0
1190,1,30.0,0,0,0,45.5,0,1,0,0,1
1191,3,29.0,0,0,0,7.8542,0,1,0,0,1
1192,3,32.0,0,0,0,7.775,0,1,0,0,1
1193,2,28.0,0,0,0,15.0458,0,1,1,0,0
1194,2,43.0,0,0,1,21.0,0,1,0,0,1
1195,3,24.0,0,0,0,8.6625,0,1,0,0,1
1196,3,28.0,0,0,0,7.75,1,0,0,1,0
1197,1,64.0,0,1,1,26.55,1,0,0,0,1
1198,1,30.0,0,1,2,151.55,0,1,0,0,1
1199,3,0.83,0,0,1,9.35,0,1,0,0,1
1200,1,55.0,0,1,1,93.5,0,1,0,0,1
1201,3,45.0,0,1,0,14.1083,1,0,0,0,1
1202,3,18.0,0,0,0,8.6625,0,1,0,0,1
1203,3,22.0,0,0,0,7.225,0,1,1,0,0
1204,3,28.0,0,0,0,7.575,0,1,0,0,1
1205,3,37.0,0,0,0,7.75,1,0,0,1,0
1206,1,55.0,0,0,0,135.6333,1,0,1,0,0
1207,3,17.0,0,0,0,7.7333,1,0,0,1,0
1208,1,57.0,0,1,0,146.5208,0,1,1,0,0
1209,2,19.0,0,0,0,10.5,0,1,0,0,1
1210,3,27.0,0,0,0,7.8542,0,1,0,0,1
1211,2,22.0,0,2,0,31.5,0,1,0,0,1
1212,3,26.0,0,0,0,7.775,0,1,0,0,1
1213,3,25.0,0,0,0,7.2292,0,1,1,0,0
1214,2,26.0,0,0,0,13.0,0,1,0,0,1
1215,1,33.0,0,0,0,26.55,0,1,0,0,1
1216,1,39.0,0,0,0,211.3375,1,0,0,0,1
1217,3,23.0,0,0,0,7.05,0,1,0,0,1
1218,2,12.0,0,2,1,39.0,1,0,0,0,1
1219,1,46.0,0,0,0,79.2,0,1,1,0,0
1220,2,29.0,0,1,0,26.0,0,1,0,0,1
1221,2,21.0,0,0,0,13.0,0,1,0,0,1
1222,2,48.0,0,0,2,36.75,1,0,0,0,1
1223,1,39.0,0,0,0,29.7,0,1,1,0,0
1224,3,28.0,0,0,0,7.225,0,1,1,0,0
1225,3,19.0,0,1,1,15.7417,1,0,1,0,0
1226,3,27.0,0,0,0,7.8958,0,1,0,0,1
1227,1,30.0,0,0,0,26.0,0,1,0,0,1
1228,2,32.0,0,0,0,13.0,0,1,0,0,1
1229,3,39.0,0,0,2,7.2292,0,1,1,0,0
1230,2,25.0,0,0,0,31.5,0,1,0,0,1
1231,3,28.0,0,0,0,7.2292,0,1,1,0,0
1232,2,18.0,0,0,0,10.5,0,1,0,0,1
1233,3,32.0,0,0,0,7.5792,0,1,0,0,1
1234,3,28.0,0,1,9,69.55,0,1,0,0,1
1235,1,58.0,0,0,1,512.3292,1,0,1,0,0
1236,3,28.0,0,1,1,14.5,0,1,0,0,1
1237,3,16.0,0,0,0,7.65,1,0,0,0,1
1238,2,26.0,0,0,0,13.0,0,1,0,0,1
1239,3,38.0,0,0,0,7.2292,1,0,1,0,0
1240,2,24.0,0,0,0,13.5,0,1,0,0,1
1241,2,31.0,0,0,0,21.0,1,0,0,0,1
1242,1,45.0,0,0,1,63.3583,1,0,1,0,0
1243,2,25.0,0,0,0,10.5,0,1,0,0,1
1244,2,18.0,0,0,0,73.5,0,1,0,0,1
1245,2,49.0,0,1,2,65.0,0,1,0,0,1
1246,3,0.17,0,1,2,20.575,1,0,0,0,1
1247,1,50.0,0,0,0,26.0,0,1,0,0,1
1248,1,59.0,0,2,0,51.4792,1,0,0,0,1
1249,3,28.0,0,0,0,7.8792,0,1,0,0,1
1250,3,28.0,0,0,0,7.75,0,1,0,1,0
1251,3,30.0,0,1,0,15.55,1,0,0,0,1
1252,3,14.0,1,8,2,69.55,0,1,0,0,1
1253,2,24.0,0,1,1,37.0042,1,0,1,0,0
1254,2,31.0,0,0,0,21.0,1,0,0,0,1
1255,3,27.0,0,0,0,8.6625,0,1,0,0,1
1256,1,25.0,0,1,0,55.4417,1,0,1,0,0
1257,3,28.0,0,1,9,69.55,1,0,0,0,1
1258,3,28.0,0,1,0,14.4583,0,1,1,0,0
1259,3,22.0,0,0,0,39.6875,1,0,0,0,1
1260,1,45.0,0,0,1,59.4,1,0,1,0,0
1261,2,29.0,0,0,0,13.8583,0,1,1,0,0
1262,2,21.0,0,1,0,11.5,0,1,0,0,1
1263,1,31.0,0,0,0,134.5,1,0,1,0,0
1264,1,49.0,0,0,0,0.0,0,1,0,0,1
1265,2,44.0,0,0,0,13.0,0,1,0,0,1
1266,1,54.0,0,1,1,81.8583,1,0,0,0,1
1267,1,45.0,0,0,0,262.375,1,0,1,0,0
1268,3,22.0,0,2,0,8.6625,1,0,0,0,1
1269,2,21.0,0,0,0,11.5,0,1,0,0,1
1270,1,55.0,0,0,0,50.0,0,1,0,0,1
1271,3,5.0,0,4,2,31.3875,0,1,0,0,1
1272,3,28.0,0,0,0,7.75,0,1,0,1,0
1273,3,26.0,0,0,0,7.8792,0,1,0,1,0
1274,3,28.0,0,0,0,14.5,1,0,0,0,1
1275,3,19.0,0,1,0,16.1,1,0,0,0,1
1276,2,28.0,0,0,0,12.875,0,1,0,0,1
1277,2,24.0,0,1,2,65.0,1,0,0,0,1
1278,3,24.0,0,0,0,7.775,0,1,0,0,1
1279,2,57.0,0,0,0,13.0,0,1,0,0,1
1280,3,21.0,0,0,0,7.75,0,1,0,1,0
1281,3,6.0,0,3,1,21.075,0,1,0,0,1
1282,1,23.0,0,0,0,93.5,0,1,0,0,1
1283,1,51.0,0,0,1,39.4,1,0,0,0,1
1284,3,13.0,0,0,2,20.25,0,1,0,0,1
1285,2,47.0,0,0,0,10.5,0,1,0,0,1
1286,3,29.0,0,3,1,22.025,0,1,0,0,1
1287,1,18.0,0,1,0,60.0,1,0,0,0,1
1288,3,24.0,0,0,0,7.25,0,1,0,1,0
1289,1,48.0,0,1,1,79.2,1,0,1,0,0
1290,3,22.0,0,0,0,7.775,0,1,0,0,1
1291,3,31.0,0,0,0,7.7333,0,1,0,1,0
1292,1,30.0,0,0,0,164.8667,1,0,0,0,1
1293,2,38.0,0,1,0,21.0,0,1,0,0,1
1294,1,22.0,0,0,1,59.4,1,0,1,0,0
1295,1,17.0,0,0,0,47.1,0,1,0,0,1
1296,1,43.0,0,1,0,27.7208,0,1,1,0,0
1297,2,20.0,0,0,0,13.8625,0,1,1,0,0
1298,2,23.0,0,1,0,10.5,0,1,0,0,1
1299,1,50.0,0,1,1,211.5,0,1,1,0,0
1300,3,28.0,0,0,0,7.7208,1,0,0,1,0
1301,3,3.0,0,1,1,13.775,1,0,0,0,1
1302,3,28.0,0,0,0,7.75,1,0,0,1,0
1303,1,37.0,0,1,0,90.0,1,0,0,1,0
1304,3,28.0,0,0,0,7.775,1,0,0,0,1
1305,3,28.0,0,0,0,8.05,0,1,0,0,1
1306,1,39.0,0,0,0,108.9,1,0,1,0,0
1307,3,38.0,1,0,0,7.25,0,1,0,0,1
1308,3,28.0,0,0,0,8.05,0,1,0,0,1
1309,3,28.0,0,1,1,22.3583,0,1,1,0,0
